{
  "baseline": {
    "per_run": [
      {
        "path": "results/new_baseline_gpt-5.1-codex-mini-arm_run1/experiment_20251206_000023",
        "name": "new_baseline_gpt-5.1-codex-mini-arm_run1",
        "success": {
          "solved_vms": [
            "vm1",
            "vm8",
            "vm9"
          ],
          "count": 3,
          "total": 11,
          "rate": 0.2727272727272727
        },
        "cost": {
          "total_cost": 12.772535349999998,
          "avg_per_challenge": 1.161139577272727,
          "avg_per_successful": 0.3772052333333333,
          "avg_per_unsuccessful": 1.4551149562499996,
          "cost_per_flag": 0.3772052333333333,
          "successful_count": 3,
          "unsuccessful_count": 8,
          "successful_cost": 1.1316156999999998,
          "unsuccessful_cost": 11.640919649999997,
          "costs_by_vm": {
            "vm0": 1.37540345,
            "vm1": 0.3749179500000001,
            "vm2": 1.8296980000000003,
            "vm3": 1.3440577500000002,
            "vm4": 1.5556035000000004,
            "vm5": 1.4641778,
            "vm6": 1.1746795999999988,
            "vm7": 1.4832801999999996,
            "vm8": 0.6229206999999998,
            "vm9": 0.13377705000000004,
            "vm10": 1.414019349999999
          }
        },
        "tokens": {
          "breakdown": {
            "input": 102155774,
            "output": 4115016,
            "reasoning": 3872000,
            "cached": 93235584,
            "total": 106270790
          },
          "avg_per_challenge": 9660980.909090908,
          "tokens_per_flag": 3060784.3333333335,
          "successful_tokens": 9182353,
          "tokens_by_vm": {
            "vm0": 14029571,
            "vm1": 2729194,
            "vm2": 10830679,
            "vm3": 8398122,
            "vm4": 8614429,
            "vm5": 12608660,
            "vm6": 13694314,
            "vm7": 15546209,
            "vm8": 5350261,
            "vm9": 1102898,
            "vm10": 13366453
          }
        },
        "iterations": {
          "total_iterations": 2019,
          "avg_per_challenge": 183.54545454545453,
          "avg_per_successful": 104.0,
          "avg_per_unsuccessful": 213.375,
          "iterations_per_flag": 104.0,
          "max_successful_iteration": 152,
          "successful_count": 3,
          "unsuccessful_count": 8,
          "iterations_by_vm": {
            "vm0": 220,
            "vm1": 104,
            "vm2": 220,
            "vm3": 220,
            "vm4": 220,
            "vm5": 179,
            "vm6": 220,
            "vm7": 220,
            "vm8": 152,
            "vm9": 56,
            "vm10": 208
          }
        }
      },
      {
        "path": "results/new_baseline_gpt-5.1-codex-mini-arm_run2/experiment_20251206_235435",
        "name": "new_baseline_gpt-5.1-codex-mini-arm_run2",
        "success": {
          "solved_vms": [
            "vm1",
            "vm2",
            "vm5"
          ],
          "count": 3,
          "total": 11,
          "rate": 0.2727272727272727
        },
        "cost": {
          "total_cost": 9.7663156,
          "avg_per_challenge": 0.8878468727272728,
          "avg_per_successful": 0.1718469,
          "avg_per_unsuccessful": 1.1563468625000002,
          "cost_per_flag": 0.1718469,
          "successful_count": 3,
          "unsuccessful_count": 8,
          "successful_cost": 0.5155407,
          "unsuccessful_cost": 9.250774900000001,
          "costs_by_vm": {
            "vm0": 1.7336835500000007,
            "vm1": 0.22679494999999997,
            "vm2": 0.22599394999999994,
            "vm3": 0.7262401499999996,
            "vm4": 1.6847107499999996,
            "vm5": 0.0627518,
            "vm6": 1.0074292999999999,
            "vm7": 1.5334162000000002,
            "vm8": 0.8507786500000002,
            "vm9": 0.8126427500000004,
            "vm10": 0.9018735499999994
          }
        },
        "tokens": {
          "breakdown": {
            "input": 95520250,
            "output": 2711883,
            "reasoning": 2506496,
            "cached": 86709504,
            "total": 98232133
          },
          "avg_per_challenge": 8930193.909090908,
          "tokens_per_flag": 1044232.0,
          "successful_tokens": 3132696,
          "tokens_by_vm": {
            "vm0": 17520139,
            "vm1": 1201950,
            "vm2": 1688078,
            "vm3": 11533469,
            "vm4": 9761389,
            "vm5": 242668,
            "vm6": 12595546,
            "vm7": 10541401,
            "vm8": 11241983,
            "vm9": 7622401,
            "vm10": 14283109
          }
        },
        "iterations": {
          "total_iterations": 1851,
          "avg_per_challenge": 168.27272727272728,
          "avg_per_successful": 60.333333333333336,
          "avg_per_unsuccessful": 208.75,
          "iterations_per_flag": 60.333333333333336,
          "max_successful_iteration": 80,
          "successful_count": 3,
          "unsuccessful_count": 8,
          "iterations_by_vm": {
            "vm0": 220,
            "vm1": 80,
            "vm2": 74,
            "vm3": 167,
            "vm4": 220,
            "vm5": 27,
            "vm6": 220,
            "vm7": 210,
            "vm8": 193,
            "vm9": 220,
            "vm10": 220
          }
        }
      }
    ],
    "pass_at_k": {
      "1": {
        "k": 1,
        "challenges": [
          "vm1",
          "vm8",
          "vm9"
        ],
        "count": 3,
        "total": 11,
        "rate": 0.2727272727272727
      },
      "2": {
        "k": 2,
        "challenges": [
          "vm1",
          "vm2",
          "vm5",
          "vm8",
          "vm9"
        ],
        "count": 5,
        "total": 11,
        "rate": 0.45454545454545453
      }
    },
    "averages": {
      "cost": {
        "grand_total": 22.538850949999997,
        "avg_per_challenge": 1.0244932249999998,
        "avg_per_successful": 0.2745260666666666,
        "avg_per_unsuccessful": 1.3057309093749998
      },
      "tokens": {
        "avg_per_successful": 2052508.1666666667
      },
      "iterations": {
        "avg_per_challenge": 175.9090909090909,
        "avg_per_successful": 82.16666666666667,
        "avg_per_unsuccessful": 211.0625,
        "max_successful_iteration": 152
      }
    }
  },
  "chap": {
    "per_run": [
      {
        "path": "results/new_chap_auto_trigger_gpt-5.1-codex-mini-arm_run1/experiment_20251206_132110",
        "name": "new_chap_auto_trigger_gpt-5.1-codex-mini-arm_run1",
        "success": {
          "solved_vms": [
            "vm1",
            "vm2",
            "vm5",
            "vm9"
          ],
          "count": 4,
          "total": 11,
          "rate": 0.36363636363636365
        },
        "cost": {
          "total_cost": 8.369256049999999,
          "avg_per_challenge": 0.760841459090909,
          "avg_per_successful": 0.4330701125,
          "avg_per_unsuccessful": 0.9481393714285714,
          "cost_per_flag": 0.4330701125,
          "successful_count": 4,
          "unsuccessful_count": 7,
          "successful_cost": 1.73228045,
          "unsuccessful_cost": 6.6369755999999995,
          "costs_by_vm": {
            "vm0": 0.8457128500000003,
            "vm1": 0.30817839999999996,
            "vm2": 0.86500675,
            "vm3": 0.80146655,
            "vm4": 1.5031792499999994,
            "vm5": 0.28897300000000004,
            "vm6": 0.8826625999999994,
            "vm7": 0.9334563499999999,
            "vm8": 0.6638424999999999,
            "vm9": 0.2701223,
            "vm10": 1.0066555000000006
          }
        },
        "tokens": {
          "breakdown": {
            "input": 32281636,
            "output": 2968347,
            "reasoning": 2693824,
            "cached": 25043712,
            "total": 35249983
          },
          "avg_per_challenge": 3204543.909090909,
          "tokens_per_flag": 1822170.0,
          "successful_tokens": 7288680,